{"cameraMode":{"drawMode":0,"name":"Shaded","section":"Shading Mode"},"sceneLighting":true,"audioPlay":false,"sceneViewState":{"m_AlwaysRefresh":false,"showFog":true,"showSkybox":true,"showFlares":true,"showImageEffects":true,"showParticleSystems":true,"showVisualEffectGraphs":true,"m_FxEnabled":true},"in2DMode":false,"pivot":{"x":-24.193553924560548,"y":25.840940475463868,"z":61.24634552001953},"rotation":{"x":0.09837345033884049,"y":0.8857937455177307,"z":-0.21958895027637483,"w":0.3968432545661926},"size":44.69913864135742,"orthographic":true}